/home/suryateja/Documents/GitHub/FaceRecognizer/output_images/surya/77.jpg;0
/home/suryateja/Documents/GitHub/FaceRecognizer/output_images/surya/183.jpg;0
/home/suryateja/Documents/GitHub/FaceRecognizer/output_images/surya/73.jpg;0
/home/suryateja/Documents/GitHub/FaceRecognizer/output_images/surya/87.jpg;0
/home/suryateja/Documents/GitHub/FaceRecognizer/output_images/surya/124.jpg;0
/home/suryateja/Documents/GitHub/FaceRecognizer/output_images/surya/19.jpg;0
/home/suryateja/Documents/GitHub/FaceRecognizer/output_images/surya/299.jpg;0
/home/suryateja/Documents/GitHub/FaceRecognizer/output_images/surya/238.jpg;0
/home/suryateja/Documents/GitHub/FaceRecognizer/output_images/surya/170.jpg;0
/home/suryateja/Documents/GitHub/FaceRecognizer/output_images/surya/278.jpg;0
/home/suryateja/Documents/GitHub/FaceRecognizer/output_images/surya/159.jpg;0
/home/suryateja/Documents/GitHub/FaceRecognizer/output_images/surya/332.jpg;0
/home/suryateja/Documents/GitHub/FaceRecognizer/output_images/surya/133.jpg;0
/home/suryateja/Documents/GitHub/FaceRecognizer/output_images/surya/292.jpg;0
/home/suryateja/Documents/GitHub/FaceRecognizer/output_images/surya/103.jpg;0
/home/suryateja/Documents/GitHub/FaceRecognizer/output_images/surya/244.jpg;0
/home/suryateja/Documents/GitHub/FaceRecognizer/output_images/satish/240.jpg;1
/home/suryateja/Documents/GitHub/FaceRecognizer/output_images/satish/168.jpg;1
/home/suryateja/Documents/GitHub/FaceRecognizer/output_images/satish/264.jpg;1
/home/suryateja/Documents/GitHub/FaceRecognizer/output_images/satish/249.jpg;1
/home/suryateja/Documents/GitHub/FaceRecognizer/output_images/satish/134.jpg;1
/home/suryateja/Documents/GitHub/FaceRecognizer/output_images/satish/215.jpg;1
/home/suryateja/Documents/GitHub/FaceRecognizer/output_images/satish/41.jpg;1
/home/suryateja/Documents/GitHub/FaceRecognizer/output_images/satish/157.jpg;1
/home/suryateja/Documents/GitHub/FaceRecognizer/output_images/satish/284.jpg;1
/home/suryateja/Documents/GitHub/FaceRecognizer/output_images/satish/62.jpg;1
/home/suryateja/Documents/GitHub/FaceRecognizer/output_images/satish/315.jpg;1
/home/suryateja/Documents/GitHub/FaceRecognizer/output_images/satish/321.jpg;1
/home/suryateja/Documents/GitHub/FaceRecognizer/output_images/satish/236.jpg;1
/home/suryateja/Documents/GitHub/FaceRecognizer/output_images/pavan/123.jpg;2
/home/suryateja/Documents/GitHub/FaceRecognizer/output_images/pavan/7.jpg;2
/home/suryateja/Documents/GitHub/FaceRecognizer/output_images/pavan/56.jpg;2
/home/suryateja/Documents/GitHub/FaceRecognizer/output_images/pavan/302.jpg;2
/home/suryateja/Documents/GitHub/FaceRecognizer/output_images/pavan/40.jpg;2
/home/suryateja/Documents/GitHub/FaceRecognizer/output_images/pavan/14.jpg;2
/home/suryateja/Documents/GitHub/FaceRecognizer/output_images/pavan/337.jpg;2
/home/suryateja/Documents/GitHub/FaceRecognizer/output_images/pavan/190.jpg;2
/home/suryateja/Documents/GitHub/FaceRecognizer/output_images/pavan/201.jpg;2
/home/suryateja/Documents/GitHub/FaceRecognizer/output_images/pavan/30.jpg;2
/home/suryateja/Documents/GitHub/FaceRecognizer/output_images/pavan/113.jpg;2
/home/suryateja/Documents/GitHub/FaceRecognizer/output_images/pavan/98.jpg;2
/home/suryateja/Documents/GitHub/FaceRecognizer/output_images/pavan/117.jpg;2
/home/suryateja/Documents/GitHub/FaceRecognizer/output_images/pavan/346.jpg;2
/home/suryateja/Documents/GitHub/FaceRecognizer/output_images/pavan/293.jpg;2
/home/suryateja/Documents/GitHub/FaceRecognizer/output_images/pavan/20.jpg;2
/home/suryateja/Documents/GitHub/FaceRecognizer/output_images/pavan/253.jpg;2
/home/suryateja/Documents/GitHub/FaceRecognizer/output_images/pavan/169.jpg;2
/home/suryateja/Documents/GitHub/FaceRecognizer/output_images/pavan/46.jpg;2
/home/suryateja/Documents/GitHub/FaceRecognizer/output_images/pavan/285.jpg;2
/home/suryateja/Documents/GitHub/FaceRecognizer/output_images/vamshi/55.jpg;3
/home/suryateja/Documents/GitHub/FaceRecognizer/output_images/vamshi/148.jpg;3
/home/suryateja/Documents/GitHub/FaceRecognizer/output_images/vamshi/3.jpg;3
/home/suryateja/Documents/GitHub/FaceRecognizer/output_images/vamshi/42.jpg;3
/home/suryateja/Documents/GitHub/FaceRecognizer/output_images/vamshi/81.jpg;3
/home/suryateja/Documents/GitHub/FaceRecognizer/output_images/vamshi/95.jpg;3
/home/suryateja/Documents/GitHub/FaceRecognizer/output_images/vamshi/152.jpg;3
/home/suryateja/Documents/GitHub/FaceRecognizer/output_images/vamshi/296.jpg;3
/home/suryateja/Documents/GitHub/FaceRecognizer/output_images/vamshi/243.jpg;3
/home/suryateja/Documents/GitHub/FaceRecognizer/output_images/vamshi/187.jpg;3
/home/suryateja/Documents/GitHub/FaceRecognizer/output_images/vamshi/282.jpg;3
/home/suryateja/Documents/GitHub/FaceRecognizer/output_images/vamshi/204.jpg;3
/home/suryateja/Documents/GitHub/FaceRecognizer/output_images/vamshi/254.jpg;3
/home/suryateja/Documents/GitHub/FaceRecognizer/output_images/vamshi/96.jpg;3
/home/suryateja/Documents/GitHub/FaceRecognizer/output_images/vamshi/109.jpg;3
/home/suryateja/Documents/GitHub/FaceRecognizer/output_images/suraj/167.jpg;4
/home/suryateja/Documents/GitHub/FaceRecognizer/output_images/suraj/27.jpg;4
/home/suryateja/Documents/GitHub/FaceRecognizer/output_images/suraj/255.jpg;4
/home/suryateja/Documents/GitHub/FaceRecognizer/output_images/suraj/79.jpg;4
/home/suryateja/Documents/GitHub/FaceRecognizer/output_images/suraj/333.jpg;4
/home/suryateja/Documents/GitHub/FaceRecognizer/output_images/suraj/239.jpg;4
/home/suryateja/Documents/GitHub/FaceRecognizer/output_images/suraj/53.jpg;4
/home/suryateja/Documents/GitHub/FaceRecognizer/output_images/suraj/111.jpg;4
/home/suryateja/Documents/GitHub/FaceRecognizer/output_images/suraj/26.jpg;4
/home/suryateja/Documents/GitHub/FaceRecognizer/output_images/suraj/291.jpg;4
/home/suryateja/Documents/GitHub/FaceRecognizer/output_images/suraj/135.jpg;4
/home/suryateja/Documents/GitHub/FaceRecognizer/output_images/suraj/18.jpg;4
/home/suryateja/Documents/GitHub/FaceRecognizer/output_images/suraj/35.jpg;4
/home/suryateja/Documents/GitHub/FaceRecognizer/output_images/suraj/216.jpg;4
/home/suryateja/Documents/GitHub/FaceRecognizer/output_images/suraj/298.jpg;4
/home/suryateja/Documents/GitHub/FaceRecognizer/output_images/praneeth/263.jpg;5
/home/suryateja/Documents/GitHub/FaceRecognizer/output_images/praneeth/97.jpg;5
/home/suryateja/Documents/GitHub/FaceRecognizer/output_images/praneeth/274.jpg;5
/home/suryateja/Documents/GitHub/FaceRecognizer/output_images/praneeth/202.jpg;5
/home/suryateja/Documents/GitHub/FaceRecognizer/output_images/praneeth/289.jpg;5
/home/suryateja/Documents/GitHub/FaceRecognizer/output_images/praneeth/341.jpg;5
/home/suryateja/Documents/GitHub/FaceRecognizer/output_images/praneeth/21.jpg;5
/home/suryateja/Documents/GitHub/FaceRecognizer/output_images/praneeth/214.jpg;5
/home/suryateja/Documents/GitHub/FaceRecognizer/output_images/praneeth/252.jpg;5
/home/suryateja/Documents/GitHub/FaceRecognizer/output_images/praneeth/76.jpg;5
/home/suryateja/Documents/GitHub/FaceRecognizer/output_images/praneeth/156.jpg;5
/home/suryateja/Documents/GitHub/FaceRecognizer/output_images/praneeth/320.jpg;5
/home/suryateja/Documents/GitHub/FaceRecognizer/output_images/praneeth/297.jpg;5
/home/suryateja/Documents/GitHub/FaceRecognizer/output_images/dora/82.jpg;6
/home/suryateja/Documents/GitHub/FaceRecognizer/output_images/dora/132.jpg;6
/home/suryateja/Documents/GitHub/FaceRecognizer/output_images/dora/188.jpg;6
/home/suryateja/Documents/GitHub/FaceRecognizer/output_images/dora/265.jpg;6
/home/suryateja/Documents/GitHub/FaceRecognizer/output_images/dora/88.jpg;6
/home/suryateja/Documents/GitHub/FaceRecognizer/output_images/dora/290.jpg;6
/home/suryateja/Documents/GitHub/FaceRecognizer/output_images/dora/283.jpg;6
/home/suryateja/Documents/GitHub/FaceRecognizer/output_images/dora/224.jpg;6
/home/suryateja/Documents/GitHub/FaceRecognizer/output_images/dora/237.jpg;6
/home/suryateja/Documents/GitHub/FaceRecognizer/output_images/dora/268.jpg;6
/home/suryateja/Documents/GitHub/FaceRecognizer/output_images/dora/267.jpg;6
/home/suryateja/Documents/GitHub/FaceRecognizer/output_images/dora/158.jpg;6
/home/suryateja/Documents/GitHub/FaceRecognizer/output_images/dora/116.jpg;6
/home/suryateja/Documents/GitHub/FaceRecognizer/output_images/dora/173.jpg;6
/home/suryateja/Documents/GitHub/FaceRecognizer/output_images/dora/15.jpg;6
/home/suryateja/Documents/GitHub/FaceRecognizer/output_images/dora/128.jpg;6
/home/suryateja/Documents/GitHub/FaceRecognizer/output_images/dora/295.jpg;6
/home/suryateja/Documents/GitHub/FaceRecognizer/output_images/dora/205.jpg;6
/home/suryateja/Documents/GitHub/FaceRecognizer/output_images/dora/102.jpg;6
/home/suryateja/Documents/GitHub/FaceRecognizer/output_images/dora/10.jpg;6
/home/suryateja/Documents/GitHub/FaceRecognizer/output_images/dora/279.jpg;6
/home/suryateja/Documents/GitHub/FaceRecognizer/output_images/pankaj/179.jpg;7
/home/suryateja/Documents/GitHub/FaceRecognizer/output_images/pankaj/166.jpg;7
/home/suryateja/Documents/GitHub/FaceRecognizer/output_images/pankaj/17.jpg;7
/home/suryateja/Documents/GitHub/FaceRecognizer/output_images/pankaj/13.jpg;7
/home/suryateja/Documents/GitHub/FaceRecognizer/output_images/pankaj/74.jpg;7
/home/suryateja/Documents/GitHub/FaceRecognizer/output_images/pankaj/319.jpg;7
/home/suryateja/Documents/GitHub/FaceRecognizer/output_images/pankaj/147.jpg;7
/home/suryateja/Documents/GitHub/FaceRecognizer/output_images/pankaj/212.jpg;7
/home/suryateja/Documents/GitHub/FaceRecognizer/output_images/pankaj/33.jpg;7
/home/suryateja/Documents/GitHub/FaceRecognizer/output_images/pankaj/200.jpg;7
/home/suryateja/Documents/GitHub/FaceRecognizer/output_images/pankaj/258.jpg;7
/home/suryateja/Documents/GitHub/FaceRecognizer/output_images/pankaj/343.jpg;7
/home/suryateja/Documents/GitHub/FaceRecognizer/output_images/pankaj/251.jpg;7
/home/suryateja/Documents/GitHub/FaceRecognizer/output_images/pankaj/328.jpg;7
/home/suryateja/Documents/GitHub/FaceRecognizer/output_images/pankaj/107.jpg;7
/home/suryateja/Documents/GitHub/FaceRecognizer/output_images/pankaj/38.jpg;7
/home/suryateja/Documents/GitHub/FaceRecognizer/output_images/pankaj/189.jpg;7
/home/suryateja/Documents/GitHub/FaceRecognizer/output_images/pankaj/234.jpg;7
/home/suryateja/Documents/GitHub/FaceRecognizer/output_images/pankaj/80.jpg;7
